candidate,depth,learning_rate,l2_leaf_reg,iterations,folds,forecast_hours,pinball_loss,baseline_pinball_loss,pinball_difference,relative_improvement,fold_pinball_mean,fold_pinball_std,median_mae,median_bias,coverage_90,mean_width_90,invalid_90_intervals,mean_absolute_calibration_error,quantile_crossings,fit_seconds
depth3_lr0p08_l25_trees125,3,0.08,5,125,12,8760,8.3726730589,10.1211932064,-1.74852014754,0.172758301504,8.34767597747,4.41997750749,22.9974997698,4.35841261618,0.818264840183,80.9562241056,0,0.133534938425,2849,114.942289707
depth3_lr0p08_l21_trees125,3,0.08,1,125,12,8760,8.3745503352,10.1211932064,-1.74664287125,0.172572821763,8.34913413921,4.4142636027,22.9454349426,3.99724776247,0.819178082192,80.6683083821,0,0.135042710207,2453,114.943969791
depth4_lr0p08_l25_trees100,4,0.08,5,100,12,8760,8.39339196554,10.1211932064,-1.72780124091,0.170711220077,8.36837983235,4.53261183118,23.0117072146,5.69019663746,0.799200913242,77.522181571,0,0.124990775333,1945,132.598850291
depth4_lr0p08_l220_trees75,4,0.08,20,75,12,8760,8.406548206,10.1211932064,-1.71464500044,0.169411349578,8.3882394873,4.473721983,23.2113290716,6.94895732312,0.830936073059,80.8282401596,0,0.123798441031,1225,130.236588707
depth4_lr0p08_l220_trees100,4,0.08,20,100,12,8760,8.40893504151,10.1211932064,-1.71225816494,0.169175524072,8.38658245166,4.53080808152,23.1199262291,5.97693505951,0.811187214612,78.3771151233,0,0.129924680596,2325,130.236588707
depth3_lr0p08_l21_trees100,3,0.08,1,100,12,8760,8.41623040899,10.1211932064,-1.70496279745,0.168454722944,8.39316879467,4.40558797504,23.2729059931,5.44627216215,0.829223744292,82.4241958334,0,0.129954845256,1158,114.943969791
depth4_lr0p08_l25_trees75,4,0.08,5,75,12,8760,8.43531509992,10.1211932064,-1.68587810652,0.166569106244,8.41752072255,4.4575440774,23.2873526696,6.6623039947,0.823059360731,80.4955698546,0,0.125178128315,706,132.598850291
depth3_lr0p08_l220_trees125,3,0.08,20,125,12,8760,8.46065203879,10.1211932064,-1.66054116765,0.164065751318,8.43789922014,4.4305325666,23.1983017396,4.23837381224,0.813926940639,80.4398051606,0,0.1386283843,2061,114.275080793
depth4_lr0p08_l220_trees125,4,0.08,20,125,12,8760,8.48305959027,10.1211932064,-1.63813361618,0.161851827424,8.4544140528,4.61599025054,23.1121444151,4.6200179629,0.781849315068,74.8914685274,0,0.137135602601,4292,130.236588707
depth3_lr0p08_l220_trees100,3,0.08,20,100,12,8760,8.52853528072,10.1211932064,-1.59265792572,0.157358711887,8.51534184686,4.39323679601,24.0055218052,6.82938563242,0.830251141553,82.9384441474,0,0.131256168996,1032,114.275080793
depth3_lr0p08_l25_trees100,3,0.08,5,100,12,8760,8.53143931233,10.1211932064,-1.58975389411,0.157071786071,8.51853868867,4.41278859906,23.9501448228,6.64994811242,0.831849315068,83.2788100599,0,0.134458881048,1056,114.942289707
depth3_lr0p08_l21_trees75,3,0.08,1,75,12,8760,8.55046194257,10.1211932064,-1.57073126387,0.155192301128,8.53960709411,4.35605368601,24.0062949317,7.19235397002,0.849315068493,85.5642302459,0,0.131834094368,260,114.943969791
depth3_lr0p08_l220_trees75,3,0.08,20,75,12,8760,8.55130820202,10.1211932064,-1.56988500442,0.155108688511,8.54134130348,4.36506007209,24.0423869528,7.67733488229,0.849885844749,85.3201147104,0,0.131613809326,260,114.275080793
depth3_lr0p08_l25_trees75,3,0.08,5,75,12,8760,8.55384161459,10.1211932064,-1.56735159186,0.154858380814,8.54295298037,4.35410520423,24.0241546135,7.19311746372,0.850684931507,85.6369692437,0,0.131704995157,223,114.942289707
depth4_lr0p08_l21_trees100,4,0.08,1,100,12,8760,8.56040446774,10.1211932064,-1.5607887387,0.154209953991,8.53793479856,4.61875349186,23.4497925367,5.76825161115,0.786529680365,76.9133283517,0,0.137049351967,2304,131.774143792
depth4_lr0p08_l21_trees75,4,0.08,1,75,12,8760,8.5767730238,10.1211932064,-1.54442018265,0.152592698424,8.56584382021,4.54603950016,23.7432990211,7.33281884209,0.820776255708,80.8648662579,0,0.129876343342,529,131.774143792
depth5_lr0p08_l21_trees75,5,0.08,1,75,12,8760,8.58207764869,10.1211932064,-1.53911555776,0.1520685878,8.55802645418,4.7695318864,23.5907256584,5.46527495706,0.783675799087,77.0792691726,0,0.136231124026,2367,149.924836753
depth5_lr0p08_l25_trees75,5,0.08,5,75,12,8760,8.61233933903,10.1211932064,-1.50885386742,0.149078654724,8.5832153622,4.57292534394,23.5600640414,4.18307030609,0.78801369863,76.9886179997,0,0.141302476823,878,148.587399626
depth5_lr0p08_l220_trees75,5,0.08,20,75,12,8760,8.61820006742,10.1211932064,-1.50299313903,0.148499599639,8.59259217609,4.87736599812,23.520140762,5.30935403245,0.785844748858,77.3800676645,0,0.135298464093,758,147.38653246
depth4_lr0p08_l25_trees125,4,0.08,5,125,12,8760,8.62206950908,10.1211932064,-1.49912369737,0.14811728882,8.59662680678,4.50668978314,23.4230365512,4.67819551275,0.763127853881,74.8083797698,0,0.14168636133,4562,132.598850291
depth4_lr0p08_l21_trees125,4,0.08,1,125,12,8760,8.63823894087,10.1211932064,-1.48295426557,0.146519707245,8.61082173076,4.58006115157,23.5351251612,4.26220919858,0.763356164384,74.5594752055,0,0.143717679074,4976,131.774143792
depth5_lr0p08_l220_trees100,5,0.08,20,100,12,8760,8.72305348066,10.1211932064,-1.39813972578,0.138139811904,8.69336596917,4.90431330318,23.714741277,4.19846054605,0.746917808219,73.8001994976,0,0.14533577787,3206,147.38653246
depth5_lr0p08_l21_trees100,5,0.08,1,100,12,8760,8.72528771144,10.1211932064,-1.395905495,0.137919064139,8.69657413969,4.96427240714,23.5938071985,4.83015873851,0.737785388128,72.7865466969,0,0.144675799087,9805,149.924836753
depth5_lr0p08_l25_trees100,5,0.08,5,100,12,8760,8.87207092909,10.1211932064,-1.24912227735,0.123416503556,8.84104849597,4.78780796995,24.0093484469,3.98012412177,0.743493150685,73.778651334,0,0.154083621604,3964,148.587399626
depth5_lr0p08_l21_trees125,5,0.08,1,125,12,8760,8.93213523939,10.1211932064,-1.18905796705,0.117481994741,8.90377194192,4.98663633844,23.7255870599,3.24480699779,0.702853881279,69.1622281183,0,0.160880356072,18757,149.924836753
depth5_lr0p08_l25_trees125,5,0.08,5,125,12,8760,9.01138911997,10.1211932064,-1.10980408648,0.109651506877,8.98048902866,4.64493050087,24.2036205375,2.60187209377,0.711301369863,70.9616856491,0,0.16531557585,7562,148.587399626
depth5_lr0p08_l220_trees125,5,0.08,20,125,12,8760,9.0166750481,10.1211932064,-1.10451815835,0.10912924354,8.98308913418,5.07370289109,24.1199805621,2.45749465858,0.714155251142,70.8621338663,0,0.160022093077,8014,147.38653246
